airline,date_of_journey,source,destination,dep_time,arrival_time,duration,total_stops,additional_info,price
Spicejet,2019-05-15,Kolkata,Banglore,15:55:00,21:25:00,330,1.0,No Info,7804
Jet Airways,2019-05-18,Delhi,Cochin,13:25:00,12:35:00,1390,2.0,No Info,15129
Indigo,2019-06-06,Delhi,Cochin,23:30:00,04:35:00,305,1.0,No Info,10112
Jet Airways,2019-05-01,Kolkata,Banglore,14:05:00,08:15:00,1090,1.0,In-flight meal not included,8586
Jet Airways,2019-04-06,Banglore,Delhi,07:10:00,10:10:00,180,0.0,In-flight meal not included,4544
Multiple Carriers,2019-06-24,Delhi,Cochin,12:50:00,19:15:00,385,1.0,In-flight meal not included,7268
Jet Airways,2019-06-15,Delhi,Cochin,07:05:00,12:35:00,330,1.0,No Info,14714
Jet Airways,2019-03-06,Mumbai,Hyderabad,07:10:00,08:35:00,85,0.0,No Info,9536
Indigo,2019-04-09,Delhi,Cochin,16:00:00,01:30:00,570,1.0,No Info,6573
Jet Airways,2019-06-09,Delhi,Cochin,11:40:00,19:00:00,440,2.0,In-flight meal not included,15812
Multiple Carriers,2019-06-24,Delhi,Cochin,03:50:00,19:00:00,910,1.0,No Info,12192
Jet Airways,2019-06-12,Kolkata,Banglore,16:30:00,23:35:00,425,1.0,No Info,13626
Indigo,2019-03-06,Delhi,Cochin,06:40:00,22:20:00,940,1.0,No Info,6442
Indigo,2019-05-21,Banglore,Delhi,10:10:00,13:00:00,170,0.0,No Info,3943
Air India,2019-03-21,Mumbai,Hyderabad,19:30:00,20:45:00,75,0.0,No Info,2575
Jet Airways,2019-03-12,Banglore,New Delhi,18:55:00,09:30:00,875,1.0,In-flight meal not included,11087
Jet Airways,2019-05-21,Banglore,Delhi,18:55:00,22:00:00,185,0.0,In-flight meal not included,4030
Multiple Carriers,2019-06-09,Delhi,Cochin,08:30:00,19:00:00,630,1.0,No Info,11622
Vistara,2019-05-21,Banglore,Delhi,07:00:00,09:40:00,160,0.0,No Info,4668
Indigo,2019-05-12,Mumbai,Hyderabad,20:05:00,21:40:00,95,0.0,No Info,2227
Multiple Carriers,2019-06-24,Delhi,Cochin,03:50:00,12:35:00,525,1.0,No Info,12192
Air India,2019-03-18,Delhi,Cochin,14:10:00,17:10:00,180,0.0,No Info,5674
Multiple Carriers,2019-03-21,Delhi,Cochin,07:30:00,19:15:00,705,1.0,No Info,10161
Spicejet,2019-05-21,Kolkata,Banglore,22:20:00,00:40:00,140,0.0,No check-in baggage included,3841
Multiple Carriers,2019-05-09,Delhi,Cochin,06:00:00,19:00:00,780,1.0,No Info,9794
Indigo,2019-03-21,Delhi,Cochin,20:30:00,01:35:00,305,1.0,No Info,6232
Multiple Carriers,2019-06-27,Delhi,Cochin,11:40:00,19:15:00,455,1.0,In-flight meal not included,7268
Air India,2019-05-09,Delhi,Cochin,13:20:00,07:40:00,1100,2.0,No Info,13538
Multiple Carriers,2019-03-06,Delhi,Cochin,09:55:00,19:15:00,560,1.0,In-flight meal not included,15342
Jet Airways,2019-06-09,Kolkata,Banglore,08:25:00,18:15:00,590,1.0,In-flight meal not included,10844
Goair,2019-06-15,Delhi,Cochin,10:35:00,19:35:00,540,1.0,No Info,4959
Indigo,2019-05-21,Delhi,Cochin,08:35:00,18:10:00,575,1.0,No Info,6442
Multiple Carriers,2019-06-15,Delhi,Cochin,06:00:00,19:15:00,795,1.0,No Info,9526
Air Asia,2019-04-18,Banglore,Delhi,04:55:00,07:45:00,170,0.0,No Info,4282
Indigo,2019-06-24,Banglore,Delhi,18:55:00,21:50:00,175,0.0,No Info,4823
Jet Airways,2019-03-21,Banglore,New Delhi,14:05:00,21:20:00,435,1.0,In-flight meal not included,7832
Indigo,2019-06-09,Delhi,Cochin,08:30:00,21:00:00,750,1.0,No Info,6838
Jet Airways,2019-03-21,Delhi,Cochin,10:20:00,18:50:00,1950,2.0,In-flight meal not included,9254
Jet Airways,2019-03-06,Banglore,New Delhi,14:05:00,19:10:00,305,1.0,No Info,19225
Indigo,2019-03-21,Delhi,Cochin,04:45:00,13:20:00,515,1.0,No Info,7738
Jet Airways,2019-06-24,Delhi,Cochin,17:30:00,04:25:00,655,1.0,In-flight meal not included,10262
Jet Airways,2019-05-01,Kolkata,Banglore,21:10:00,08:15:00,665,1.0,No Info,14781
Indigo,2019-04-06,Kolkata,Banglore,11:30:00,14:05:00,155,0.0,No Info,4174
Jet Airways,2019-03-09,Delhi,Cochin,17:25:00,04:25:00,660,1.0,No Info,15554
Multiple Carriers,2019-05-27,Delhi,Cochin,08:30:00,19:00:00,630,1.0,No Info,9627
Indigo,2019-04-12,Kolkata,Banglore,15:15:00,17:45:00,150,0.0,No Info,4174
Multiple Carriers,2019-05-18,Delhi,Cochin,07:05:00,16:10:00,545,1.0,No Info,9646
Multiple Carriers,2019-06-06,Delhi,Cochin,10:20:00,01:30:00,910,1.0,No Info,6795
Indigo,2019-06-15,Delhi,Cochin,21:50:00,03:35:00,345,1.0,No Info,6195
Indigo,2019-03-06,Kolkata,Banglore,15:20:00,17:55:00,155,0.0,No Info,5618
Spicejet,2019-05-01,Mumbai,Hyderabad,22:45:00,00:15:00,90,0.0,No Info,2017
Multiple Carriers,2019-06-15,Delhi,Cochin,09:00:00,21:00:00,720,1.0,No Info,7933
Multiple Carriers,2019-05-21,Delhi,Cochin,04:55:00,12:35:00,460,1.0,No Info,9103
Jet Airways,2019-06-03,Delhi,Cochin,21:25:00,12:35:00,910,2.0,No Info,13292
Air India,2019-05-24,Kolkata,Banglore,09:50:00,08:55:00,1385,2.0,No Info,15170
Jet Airways,2019-05-09,Kolkata,Banglore,06:30:00,18:15:00,705,1.0,No Info,14781
Indigo,2019-06-09,Mumbai,Hyderabad,09:10:00,10:40:00,90,0.0,No Info,4049
Jet Airways,2019-06-27,Delhi,Cochin,08:00:00,19:00:00,660,1.0,In-flight meal not included,10262
Jet Airways,2019-03-12,Banglore,New Delhi,18:55:00,10:45:00,950,1.0,In-flight meal not included,11087
Air India,2019-06-06,Delhi,Cochin,16:55:00,19:15:00,1580,2.0,No Info,13591
Air India,2019-03-06,Delhi,Cochin,16:40:00,19:15:00,1595,2.0,No Info,12646
Jet Airways,2019-06-24,Delhi,Cochin,02:15:00,04:25:00,1570,1.0,In-flight meal not included,10262
Jet Airways,2019-05-01,Kolkata,Banglore,17:00:00,10:55:00,1075,1.0,No Info,12121
Air India,2019-05-21,Delhi,Cochin,08:00:00,19:15:00,675,1.0,No Info,8372
Air Asia,2019-06-09,Delhi,Cochin,20:45:00,07:10:00,625,1.0,No Info,10794
Spicejet,2019-03-06,Delhi,Cochin,08:45:00,13:15:00,270,1.0,No Info,8488
Multiple Carriers,2019-03-03,Delhi,Cochin,19:00:00,01:35:00,395,1.0,No Info,15288
Jet Airways,2019-06-24,Banglore,Delhi,06:00:00,08:45:00,165,0.0,In-flight meal not included,5769
Vistara,2019-03-21,Banglore,New Delhi,07:00:00,09:40:00,160,0.0,No Info,5403
Jet Airways,2019-04-06,Delhi,Cochin,07:05:00,12:35:00,330,1.0,In-flight meal not included,5406
Multiple Carriers,2019-06-09,Delhi,Cochin,13:00:00,21:00:00,480,1.0,No Info,7408
Jet Airways,2019-05-21,Delhi,Cochin,22:50:00,19:00:00,1210,1.0,No Info,16079
Air India,2019-03-03,Banglore,New Delhi,11:05:00,22:10:00,2105,2.0,No Info,11948
Jet Airways,2019-06-18,Banglore,Delhi,18:55:00,22:00:00,185,0.0,No Info,8016
Air India,2019-05-21,Kolkata,Banglore,16:50:00,13:45:00,1255,2.0,No Info,13484
Multiple Carriers,2019-03-06,Delhi,Cochin,09:45:00,22:20:00,755,1.0,No Info,10276
Jet Airways,2019-04-01,Delhi,Cochin,22:50:00,12:35:00,825,1.0,In-flight meal not included,5177
Goair,2019-04-27,Banglore,Delhi,20:55:00,23:40:00,165,0.0,No Info,3898
Indigo,2019-05-15,Kolkata,Banglore,18:05:00,23:30:00,325,1.0,No Info,6218
Indigo,2019-06-12,Delhi,Cochin,23:30:00,04:35:00,305,1.0,No Info,10112
Air India,2019-03-15,Delhi,Cochin,18:05:00,21:10:00,185,0.0,No Info,4939
Jet Airways,2019-05-01,Banglore,Delhi,07:10:00,10:10:00,180,0.0,No Info,7229
Indigo,2019-04-09,Banglore,Delhi,08:30:00,11:20:00,170,0.0,No Info,4823
Multiple Carriers,2019-06-12,Delhi,Cochin,07:10:00,22:30:00,920,1.0,No Info,6513
Jet Airways,2019-05-24,Kolkata,Banglore,20:00:00,08:15:00,735,1.0,In-flight meal not included,8586
Vistara,2019-06-21,Chennai,Kolkata,07:05:00,09:20:00,135,0.0,No Info,3687
Indigo,2019-04-12,Banglore,Delhi,04:00:00,06:50:00,170,0.0,No Info,4423
Multiple Carriers,2019-03-03,Delhi,Cochin,17:00:00,01:35:00,515,1.0,No Info,17073
Indigo,2019-06-24,Delhi,Cochin,11:25:00,01:30:00,845,1.0,No Info,5684
Jet Airways,2019-05-01,Mumbai,Hyderabad,02:55:00,04:20:00,85,0.0,In-flight meal not included,3210
Air India,2019-05-06,Kolkata,Banglore,10:00:00,10:00:00,1440,2.0,No Info,14298
Jet Airways,2019-05-15,Kolkata,Banglore,20:25:00,09:45:00,800,1.0,No Info,13067
Spicejet,2019-03-21,Delhi,Cochin,06:10:00,11:20:00,310,1.0,No Info,6065
Jet Airways,2019-06-01,Banglore,Delhi,11:10:00,14:05:00,175,0.0,In-flight meal not included,7229
Multiple Carriers,2019-05-27,Delhi,Cochin,09:45:00,16:10:00,385,1.0,No Info,10486
Indigo,2019-03-24,Chennai,Kolkata,22:05:00,00:25:00,140,0.0,No Info,5277
Jet Airways,2019-05-18,Delhi,Cochin,20:55:00,04:25:00,450,1.0,In-flight meal not included,12373
Jet Airways,2019-03-18,Mumbai,Hyderabad,10:20:00,11:50:00,90,0.0,No Info,8040
Jet Airways,2019-06-12,Kolkata,Banglore,16:30:00,18:15:00,1545,1.0,In-flight meal not included,8529
Indigo,2019-03-09,Delhi,Cochin,11:55:00,21:20:00,565,2.0,No Info,8378
Spicejet,2019-05-15,Banglore,Delhi,21:10:00,00:05:00,175,0.0,No Info,3625
Air Asia,2019-03-24,Kolkata,Banglore,10:20:00,12:55:00,155,0.0,No Info,5620
Indigo,2019-06-09,Kolkata,Banglore,15:15:00,17:45:00,150,0.0,No Info,5224
Air India,2019-05-24,Kolkata,Banglore,14:15:00,16:45:00,150,0.0,No Info,5510
Indigo,2019-04-03,Delhi,Cochin,10:35:00,15:35:00,300,1.0,No Info,5073
Spicejet,2019-03-03,Delhi,Cochin,06:10:00,11:20:00,310,1.0,No Info,9748
Indigo,2019-06-24,Mumbai,Hyderabad,09:10:00,10:40:00,90,0.0,No Info,4049
Multiple Carriers,2019-05-09,Delhi,Cochin,07:10:00,16:10:00,540,1.0,No Info,6513
Air India,2019-03-03,Delhi,Cochin,08:00:00,19:15:00,675,1.0,No Info,15197
Jet Airways,2019-06-06,Delhi,Cochin,07:05:00,19:00:00,715,1.0,In-flight meal not included,10262
Air India,2019-03-15,Banglore,New Delhi,05:50:00,22:10:00,980,2.0,No Info,9796
Air India,2019-05-24,Kolkata,Banglore,09:10:00,04:40:00,1170,2.0,No Info,6117
Jet Airways,2019-06-27,Delhi,Cochin,18:15:00,19:00:00,1485,1.0,In-flight meal not included,10262
Spicejet,2019-05-09,Chennai,Kolkata,09:45:00,12:00:00,135,0.0,No check-in baggage included,3543
Indigo,2019-06-01,Delhi,Cochin,18:35:00,01:30:00,415,1.0,No Info,6628
Indigo,2019-06-15,Banglore,Delhi,08:30:00,11:20:00,170,0.0,No Info,4823
Indigo,2019-05-09,Delhi,Cochin,06:40:00,21:00:00,860,1.0,No Info,7191
Multiple Carriers,2019-05-21,Delhi,Cochin,07:00:00,19:00:00,720,1.0,No Info,10197
Air Asia,2019-05-21,Banglore,Delhi,11:10:00,13:55:00,165,0.0,No Info,3383
Air India,2019-06-06,Kolkata,Banglore,08:20:00,21:50:00,810,2.0,No Info,10697
Spicejet,2019-05-21,Banglore,Delhi,21:10:00,00:05:00,175,0.0,No Info,3625
Indigo,2019-06-27,Kolkata,Banglore,09:35:00,12:10:00,155,0.0,No Info,4804
Air India,2019-05-18,Kolkata,Banglore,05:50:00,20:25:00,875,2.0,No Info,12093
Jet Airways,2019-06-27,Delhi,Cochin,22:50:00,04:25:00,335,1.0,No Info,16079
Air India,2019-03-01,Banglore,New Delhi,06:45:00,09:25:00,1600,2.0,2 Long layover,26480
Jet Airways,2019-06-03,Delhi,Cochin,20:55:00,12:35:00,940,1.0,In-flight meal not included,10262
Indigo,2019-06-09,Delhi,Cochin,07:35:00,22:30:00,895,1.0,No Info,6442
Multiple Carriers,2019-06-27,Delhi,Cochin,10:20:00,19:15:00,535,1.0,No Info,7741
Indigo,2019-06-27,Delhi,Cochin,21:50:00,03:35:00,345,1.0,No Info,5775
Jet Airways,2019-05-12,Kolkata,Banglore,06:30:00,18:15:00,705,1.0,No Info,14781
Air India,2019-05-18,Delhi,Cochin,14:10:00,17:10:00,180,0.0,No Info,6934
Goair,2019-03-27,Delhi,Cochin,07:00:00,12:50:00,350,1.0,No Info,5281
Air India,2019-05-24,Kolkata,Banglore,16:50:00,07:55:00,905,1.0,No Info,8576
Jet Airways,2019-04-09,Banglore,Delhi,07:10:00,10:10:00,180,0.0,No Info,7229
Multiple Carriers,2019-03-06,Delhi,Cochin,13:05:00,21:20:00,495,2.0,No Info,10759
Jet Airways,2019-06-24,Banglore,Delhi,18:55:00,22:00:00,185,0.0,In-flight meal not included,6478
Air India,2019-06-01,Delhi,Cochin,17:15:00,19:15:00,1560,2.0,No Info,12970
Indigo,2019-03-27,Delhi,Cochin,10:45:00,21:00:00,615,1.0,No Info,6838
Air India,2019-03-21,Delhi,Cochin,16:40:00,19:15:00,1595,2.0,No Info,8236
Air India,2019-05-09,Kolkata,Banglore,07:00:00,01:20:00,1100,2.0,No Info,13033
Jet Airways,2019-03-06,Banglore,New Delhi,14:05:00,00:45:00,640,1.0,No Info,14815
Air India,2019-05-01,Kolkata,Banglore,17:30:00,13:45:00,1215,2.0,No Info,15164
Jet Airways,2019-06-24,Delhi,Cochin,19:45:00,12:35:00,1010,1.0,In-flight meal not included,10262
Spicejet,2019-06-06,Kolkata,Banglore,17:10:00,19:40:00,150,0.0,No Info,3873
Jet Airways,2019-05-01,Mumbai,Hyderabad,07:05:00,08:30:00,85,0.0,In-flight meal not included,4995
Air India,2019-06-06,Kolkata,Banglore,09:50:00,21:05:00,675,1.0,No Info,7452
Jet Airways,2019-05-09,Kolkata,Banglore,20:25:00,21:05:00,1480,1.0,No Info,13067
Spicejet,2019-06-18,Kolkata,Banglore,06:55:00,09:30:00,155,0.0,No Info,3873
Air Asia,2019-05-03,Kolkata,Banglore,19:55:00,22:25:00,150,0.0,No Info,5989
Vistara,2019-04-01,Delhi,Cochin,14:40:00,17:50:00,190,0.0,No Info,4851
Air India,2019-06-09,Mumbai,Hyderabad,13:55:00,15:25:00,90,0.0,No Info,3100
Multiple Carriers,2019-04-09,Delhi,Cochin,17:45:00,01:30:00,465,1.0,No Info,8535
Spicejet,2019-06-27,Delhi,Cochin,17:55:00,22:50:00,295,1.0,No Info,4957
Multiple Carriers,2019-03-21,Delhi,Cochin,09:10:00,19:15:00,605,1.0,No Info,8601
Jet Airways,2019-05-18,Kolkata,Banglore,05:45:00,19:50:00,845,1.0,In-flight meal not included,10844
Jet Airways,2019-04-01,Kolkata,Banglore,08:25:00,18:15:00,590,1.0,No Info,12681
Jet Airways,2019-05-21,Delhi,Cochin,23:05:00,04:25:00,1760,2.0,No Info,15129
Jet Airways,2019-03-12,Banglore,New Delhi,05:45:00,23:00:00,1035,1.0,No Info,13817
Indigo,2019-03-09,Delhi,Cochin,11:55:00,22:20:00,625,1.0,No Info,6674
Indigo,2019-06-06,Kolkata,Banglore,14:25:00,16:55:00,150,0.0,No Info,4804
Air India,2019-05-21,Delhi,Cochin,20:40:00,09:25:00,765,1.0,No Info,7480
Multiple Carriers,2019-05-21,Delhi,Cochin,13:00:00,21:00:00,480,1.0,No Info,14067
Spicejet,2019-05-27,Kolkata,Banglore,06:55:00,09:30:00,155,0.0,No Info,3873
Jet Airways,2019-03-06,Delhi,Cochin,09:55:00,04:25:00,1110,1.0,No Info,15764
Air India,2019-03-27,Delhi,Cochin,13:30:00,08:15:00,1125,1.0,No Info,6681
Multiple Carriers,2019-05-27,Delhi,Cochin,06:00:00,21:00:00,900,1.0,No Info,8475
Air India,2019-03-03,Chennai,Kolkata,11:40:00,13:55:00,135,0.0,No Info,10810
Jet Airways,2019-06-27,Banglore,Delhi,15:15:00,18:10:00,175,0.0,No Info,8016
Jet Airways,2019-05-15,Kolkata,Banglore,21:10:00,16:20:00,1150,1.0,In-flight meal not included,10844
Jet Airways,2019-04-01,Kolkata,Banglore,06:30:00,19:50:00,800,1.0,In-flight meal not included,7064
Air India,2019-03-15,Banglore,New Delhi,11:50:00,13:00:00,1510,1.0,No Info,8032
Air Asia,2019-06-03,Banglore,Delhi,23:55:00,02:45:00,170,0.0,No Info,7120
Air India,2019-04-12,Banglore,Delhi,06:10:00,08:55:00,165,0.0,No Info,5911
Indigo,2019-05-09,Banglore,Delhi,18:55:00,21:50:00,175,0.0,No Info,4823
Air India,2019-03-09,Banglore,New Delhi,17:00:00,19:50:00,170,0.0,No Info,9481
Jet Airways,2019-04-15,Banglore,Delhi,17:45:00,20:45:00,180,0.0,No Info,7229
Spicejet,2019-03-24,Banglore,New Delhi,05:45:00,08:35:00,170,0.0,No Info,3579
Indigo,2019-06-09,Delhi,Cochin,05:10:00,10:05:00,295,1.0,No Info,6496
Indigo,2019-06-15,Chennai,Kolkata,14:45:00,17:05:00,140,0.0,No Info,3597
Air India,2019-06-27,Delhi,Cochin,17:15:00,19:15:00,1560,2.0,No Info,12199
Indigo,2019-06-06,Banglore,Delhi,04:00:00,06:50:00,170,0.0,No Info,3943
Multiple Carriers,2019-06-15,Delhi,Cochin,19:00:00,01:30:00,390,1.0,No Info,7408
Jet Airways,2019-03-01,Banglore,New Delhi,05:45:00,16:10:00,625,1.0,No Info,26890
Air India,2019-05-21,Banglore,Delhi,21:05:00,23:55:00,170,0.0,No Info,5228
Multiple Carriers,2019-03-21,Delhi,Cochin,19:00:00,01:35:00,395,1.0,No Info,6838
Jet Airways,2019-06-06,Delhi,Cochin,09:40:00,12:35:00,1615,2.0,In-flight meal not included,11733
Jet Airways,2019-05-18,Delhi,Cochin,11:30:00,12:35:00,1505,1.0,In-flight meal not included,12373
Air India,2019-06-03,Delhi,Cochin,18:30:00,19:15:00,1485,2.0,No Info,12488
Indigo,2019-06-12,Delhi,Cochin,07:30:00,21:00:00,810,1.0,No Info,6093
Vistara,2019-05-18,Banglore,Delhi,19:30:00,22:15:00,165,0.0,No Info,4878
Jet Airways,2019-06-09,Kolkata,Banglore,09:35:00,21:05:00,690,1.0,In-flight meal not included,13994
Air India,2019-05-21,Delhi,Cochin,13:20:00,19:15:00,1795,2.0,No Info,13276
Jet Airways,2019-06-06,Kolkata,Banglore,09:35:00,10:55:00,1520,1.0,In-flight meal not included,10539
Jet Airways,2019-04-06,Banglore,Delhi,15:15:00,18:10:00,175,0.0,No Info,7229
Spicejet,2019-06-03,Banglore,Delhi,09:30:00,12:20:00,170,0.0,No check-in baggage included,3919
Indigo,2019-05-27,Delhi,Cochin,17:05:00,22:15:00,310,1.0,No Info,6373
Vistara,2019-05-12,Kolkata,Banglore,20:20:00,09:05:00,765,1.0,No Info,9397
Air India,2019-03-27,Delhi,Cochin,09:45:00,08:15:00,1350,1.0,No Info,7416
Jet Airways,2019-03-06,Banglore,New Delhi,14:05:00,08:15:00,1090,1.0,In-flight meal not included,13502
Jet Airways,2019-06-15,Delhi,Cochin,20:55:00,19:00:00,1325,1.0,In-flight meal not included,10262
Indigo,2019-03-03,Mumbai,Hyderabad,06:20:00,07:45:00,85,0.0,No Info,4784
Indigo,2019-03-06,Delhi,Cochin,04:45:00,13:20:00,515,1.0,No Info,13611
Indigo,2019-06-12,Delhi,Cochin,21:05:00,00:20:00,195,0.0,No Info,6015
Jet Airways,2019-05-06,Kolkata,Banglore,16:30:00,16:20:00,1430,1.0,No Info,13941
Jet Airways,2019-05-01,Kolkata,Banglore,16:30:00,04:40:00,730,1.0,In-flight meal not included,8586
Vistara,2019-03-24,Banglore,New Delhi,11:30:00,14:10:00,160,0.0,No Info,5403
Goair,2019-05-18,Banglore,Delhi,20:55:00,23:40:00,165,0.0,No Info,4632
Vistara,2019-03-03,Banglore,New Delhi,21:10:00,00:05:00,175,0.0,No Info,7608
Jet Airways,2019-05-06,Delhi,Cochin,22:50:00,12:35:00,825,1.0,No Info,15554
Jet Airways,2019-05-18,Delhi,Cochin,14:00:00,19:00:00,300,1.0,No Info,15554
Jet Airways,2019-03-21,Mumbai,Hyderabad,07:10:00,08:35:00,85,0.0,In-flight meal not included,4160
Spicejet,2019-06-21,Mumbai,Hyderabad,22:45:00,00:15:00,90,0.0,No Info,2017
Jet Airways,2019-03-06,Delhi,Cochin,09:55:00,18:50:00,535,1.0,No Info,17024
Vistara,2019-03-24,Kolkata,Banglore,07:10:00,22:55:00,945,1.0,No Info,12732
Jet Airways,2019-05-09,Kolkata,Banglore,21:10:00,09:20:00,730,1.0,In-flight meal not included,9663
Indigo,2019-05-01,Delhi,Cochin,21:50:00,03:35:00,345,1.0,No Info,6349
Jet Airways,2019-05-09,Banglore,Delhi,08:20:00,11:20:00,180,0.0,In-flight meal not included,4544
Air India,2019-05-01,Kolkata,Banglore,09:50:00,23:15:00,805,2.0,No Info,13227
Air India,2019-06-06,Kolkata,Banglore,14:30:00,08:55:00,1105,2.0,No Info,15107
Jet Airways,2019-06-12,Kolkata,Banglore,20:00:00,04:40:00,520,1.0,No Info,12576
Air Asia,2019-05-15,Delhi,Cochin,16:45:00,07:10:00,865,1.0,No Info,6752
Indigo,2019-03-09,Delhi,Cochin,04:55:00,16:10:00,675,1.0,No Info,6171
Air India,2019-05-21,Kolkata,Banglore,14:35:00,14:35:00,1440,1.0,No Info,6528
Goair,2019-06-01,Banglore,Delhi,11:40:00,14:30:00,170,0.0,No Info,3898
Vistara,2019-03-01,Banglore,New Delhi,11:30:00,14:10:00,160,0.0,No Info,12648
Jet Airways,2019-03-12,Banglore,New Delhi,22:55:00,10:45:00,710,1.0,No Info,13817
Jet Airways,2019-05-24,Mumbai,Hyderabad,02:55:00,04:20:00,85,0.0,No Info,5678
Jet Airways,2019-06-09,Kolkata,Banglore,06:30:00,18:15:00,705,1.0,In-flight meal not included,10844
Air India,2019-05-24,Kolkata,Banglore,09:50:00,23:15:00,805,2.0,No Info,15170
Jet Airways,2019-05-06,Kolkata,Banglore,16:30:00,23:35:00,425,1.0,In-flight meal not included,11841
Jet Airways,2019-06-27,Delhi,Cochin,22:50:00,12:35:00,825,1.0,In-flight meal not included,10262
Multiple Carriers,2019-04-09,Delhi,Cochin,09:00:00,19:15:00,615,1.0,No Info,12853
Air Asia,2019-05-09,Kolkata,Banglore,06:50:00,10:30:00,220,1.0,No Info,5162
Air India,2019-03-03,Delhi,Cochin,14:10:00,17:10:00,180,0.0,No Info,7931
Jet Airways,2019-05-06,Banglore,Delhi,07:10:00,10:10:00,180,0.0,No Info,7229
Multiple Carriers,2019-05-27,Delhi,Cochin,09:00:00,21:00:00,720,1.0,In-flight meal not included,7886
Jet Airways,2019-05-21,Kolkata,Banglore,10:20:00,17:35:00,435,1.0,In-flight meal not included,5608
Air India,2019-03-12,Mumbai,Hyderabad,21:10:00,16:55:00,255,2.0,No Info,16172
Jet Airways,2019-05-12,Kolkata,Banglore,18:55:00,19:50:00,1495,1.0,In-flight meal not included,10844
Indigo,2019-06-01,Delhi,Cochin,09:15:00,21:00:00,705,1.0,No Info,7258
Goair,2019-04-12,Banglore,Delhi,20:55:00,23:40:00,165,0.0,No Info,6722
Jet Airways,2019-04-01,Kolkata,Banglore,09:35:00,19:10:00,575,1.0,No Info,11467
Spicejet,2019-06-03,Kolkata,Banglore,22:20:00,00:40:00,140,0.0,No check-in baggage included,3841
Jet Airways,2019-05-12,Kolkata,Banglore,16:30:00,09:20:00,1010,1.0,No Info,14388
Indigo,2019-03-27,Mumbai,Hyderabad,12:00:00,13:25:00,85,0.0,No Info,2754
Jet Airways,2019-03-01,Banglore,New Delhi,07:00:00,05:05:00,1325,1.0,No Info,26890
Spicejet,2019-04-06,Kolkata,Banglore,17:10:00,19:40:00,150,0.0,No check-in baggage included,3841
Jet Airways,2019-05-09,Kolkata,Banglore,14:05:00,12:00:00,1315,1.0,In-flight meal not included,9663
Air Asia,2019-06-06,Kolkata,Banglore,06:50:00,10:30:00,220,1.0,No Info,6857
Air India,2019-06-15,Delhi,Cochin,20:00:00,19:15:00,1395,2.0,No Info,11071
Indigo,2019-04-03,Delhi,Cochin,20:25:00,01:30:00,305,1.0,No Info,5073
Air India,2019-03-03,Banglore,New Delhi,08:15:00,08:50:00,1475,1.0,No Info,6781
Vistara,2019-05-01,Kolkata,Banglore,20:20:00,10:45:00,865,1.0,No Info,9187
Indigo,2019-05-06,Chennai,Kolkata,14:45:00,17:05:00,140,0.0,No Info,3597
Jet Airways,2019-03-12,Banglore,New Delhi,21:25:00,10:45:00,800,1.0,No Info,13817
Spicejet,2019-03-09,Kolkata,Banglore,17:15:00,19:45:00,150,0.0,No Info,4622
Air India,2019-06-06,Kolkata,Banglore,16:45:00,08:55:00,970,2.0,No Info,14960
Indigo,2019-03-03,Delhi,Cochin,06:40:00,22:20:00,940,1.0,No Info,11600
Jet Airways,2019-05-18,Kolkata,Banglore,21:10:00,04:40:00,450,1.0,In-flight meal not included,8586
Air India,2019-06-03,Delhi,Cochin,13:15:00,09:25:00,1210,2.0,No Info,10467
Indigo,2019-05-12,Mumbai,Hyderabad,02:35:00,04:05:00,90,0.0,No Info,3175
Jet Airways,2019-03-18,Banglore,New Delhi,16:55:00,23:00:00,365,1.0,In-flight meal not included,11087
Indigo,2019-05-15,Delhi,Cochin,15:00:00,01:30:00,630,1.0,No Info,7191
Indigo,2019-03-24,Banglore,New Delhi,01:30:00,04:15:00,165,0.0,No Info,4777
Jet Airways,2019-05-21,Kolkata,Banglore,16:30:00,04:40:00,730,1.0,No Info,14388
Spicejet,2019-06-12,Delhi,Cochin,17:55:00,22:50:00,295,1.0,No Info,4957
Jet Airways,2019-04-03,Banglore,Delhi,11:10:00,14:05:00,175,0.0,No Info,7229
Jet Airways,2019-06-15,Delhi,Cochin,09:00:00,04:25:00,1165,1.0,In-flight meal not included,10262
Jet Airways,2019-05-09,Kolkata,Banglore,14:05:00,18:15:00,1690,1.0,In-flight meal not included,7757
Jet Airways,2019-05-18,Mumbai,Hyderabad,02:55:00,04:20:00,85,0.0,No Info,5678
Indigo,2019-06-12,Banglore,Delhi,20:00:00,22:50:00,170,0.0,No Info,4823
Jet Airways,2019-05-01,Kolkata,Banglore,17:00:00,19:10:00,1570,1.0,In-flight meal not included,9314
Vistara,2019-05-01,Kolkata,Banglore,07:10:00,18:50:00,700,1.0,No Info,9345
Jet Airways,2019-06-06,Delhi,Cochin,17:30:00,19:00:00,1530,1.0,In-flight meal not included,10262
Air India,2019-03-03,Banglore,New Delhi,00:30:00,23:55:00,1405,1.0,No Info,10394
Jet Airways,2019-06-12,Kolkata,Banglore,18:55:00,04:40:00,585,1.0,In-flight meal not included,6959
Jet Airways,2019-06-09,Mumbai,Hyderabad,07:05:00,08:30:00,85,0.0,In-flight meal not included,4050
Air Asia,2019-05-24,Kolkata,Banglore,22:50:00,01:20:00,150,0.0,No Info,4107
Air India,2019-05-15,Delhi,Cochin,08:00:00,19:15:00,675,1.0,No Info,8372
Multiple Carriers,2019-03-09,Delhi,Cochin,07:05:00,16:10:00,545,1.0,No Info,6916
Multiple Carriers,2019-05-27,Delhi,Cochin,07:00:00,19:00:00,720,1.0,No Info,10407
Air India,2019-03-12,Mumbai,Hyderabad,21:05:00,22:25:00,80,0.0,No Info,4307
Jet Airways,2019-06-01,Banglore,Delhi,08:20:00,11:20:00,180,0.0,In-flight meal not included,7229
Jet Airways,2019-05-06,Kolkata,Banglore,09:35:00,21:05:00,690,1.0,No Info,12121
Indigo,2019-05-01,Banglore,Delhi,00:30:00,03:25:00,175,0.0,No Info,4284
Air India,2019-05-18,Chennai,Kolkata,11:40:00,13:55:00,135,0.0,No Info,4667
Indigo,2019-06-24,Delhi,Cochin,07:35:00,16:10:00,515,1.0,No Info,6442
Multiple Carriers,2019-03-03,Delhi,Cochin,07:05:00,16:10:00,545,1.0,No Info,7905
Multiple Carriers,2019-03-06,Delhi,Cochin,11:30:00,21:00:00,570,1.0,In-flight meal not included,15136
Multiple Carriers,2019-05-21,Delhi,Cochin,09:00:00,21:00:00,720,1.0,No Info,14067
Multiple Carriers,2019-03-27,Delhi,Cochin,09:45:00,22:20:00,755,1.0,No Info,6601
Jet Airways,2019-03-12,Banglore,New Delhi,18:55:00,10:25:00,930,1.0,In-flight meal not included,11087
Jet Airways,2019-06-12,Kolkata,Banglore,09:35:00,19:10:00,575,1.0,In-flight meal not included,10539
Indigo,2019-05-03,Banglore,Delhi,18:55:00,21:50:00,175,0.0,No Info,4823
Spicejet,2019-03-24,Banglore,New Delhi,20:30:00,23:20:00,170,0.0,No check-in baggage included,3873
Air India,2019-06-06,Banglore,Delhi,06:10:00,08:55:00,165,0.0,No Info,6961
Vistara,2019-05-06,Banglore,Delhi,21:00:00,23:50:00,170,0.0,No Info,4668
Indigo,2019-03-09,Kolkata,Banglore,22:10:00,00:55:00,165,0.0,No Info,4148
Jet Airways,2019-03-12,Banglore,New Delhi,18:55:00,09:30:00,875,1.0,No Info,13817
Air India,2019-05-06,Banglore,Delhi,13:20:00,16:10:00,170,0.0,No Info,5228
Indigo,2019-06-03,Banglore,Delhi,16:55:00,19:55:00,180,0.0,No Info,4823
Jet Airways,2019-05-01,Kolkata,Banglore,17:00:00,09:45:00,1005,1.0,No Info,11467
Jet Airways,2019-05-18,Mumbai,Hyderabad,19:35:00,21:05:00,90,0.0,In-flight meal not included,3210
Jet Airways,2019-04-21,Delhi,Cochin,11:00:00,14:15:00,195,0.0,In-flight meal not included,7202
Air India,2019-05-21,Kolkata,Banglore,19:00:00,11:05:00,965,1.0,No Info,6117
Jet Airways,2019-05-18,Kolkata,Banglore,14:05:00,23:35:00,570,1.0,In-flight meal not included,10844
Jet Airways,2019-06-01,Banglore,Delhi,07:10:00,10:10:00,180,0.0,No Info,8016
Air India,2019-03-27,Delhi,Cochin,17:15:00,09:25:00,970,2.0,No Info,6057
Jet Airways,2019-06-12,Kolkata,Banglore,20:25:00,09:45:00,800,1.0,No Info,12692
Air India,2019-06-03,Banglore,Delhi,21:05:00,23:55:00,170,0.0,No Info,6961
Indigo,2019-05-21,Delhi,Cochin,06:50:00,12:10:00,320,1.0,No Info,5530
Multiple Carriers,2019-05-21,Delhi,Cochin,09:00:00,21:00:00,720,1.0,No Info,7888
Jet Airways,2019-03-06,Delhi,Cochin,13:00:00,04:25:00,925,1.0,No Info,15764
Jet Airways,2019-06-06,Delhi,Cochin,19:45:00,04:25:00,520,1.0,In-flight meal not included,10262
Jet Airways,2019-03-21,Delhi,Cochin,15:00:00,04:25:00,805,1.0,No Info,12767
Indigo,2019-05-27,Delhi,Cochin,11:25:00,21:00:00,575,1.0,No Info,6314
Jet Airways,2019-05-18,Delhi,Cochin,19:30:00,12:35:00,1025,2.0,No Info,13014
Multiple Carriers,2019-06-15,Delhi,Cochin,14:00:00,21:00:00,420,1.0,No Info,13587
Jet Airways,2019-03-15,Banglore,New Delhi,08:55:00,16:10:00,435,1.0,In-flight meal not included,9134
Vistara,2019-06-06,Chennai,Kolkata,07:05:00,09:20:00,135,0.0,No Info,3687
Air Asia,2019-06-18,Kolkata,Banglore,19:55:00,22:25:00,150,0.0,No Info,3807
Goair,2019-05-15,Banglore,Delhi,07:45:00,10:40:00,175,0.0,No Info,3419
Multiple Carriers,2019-05-27,Delhi,Cochin,03:50:00,19:00:00,910,1.0,No Info,10197
Vistara,2019-05-12,Banglore,Delhi,17:00:00,19:35:00,155,0.0,No Info,4878
Indigo,2019-05-21,Kolkata,Banglore,15:15:00,20:05:00,290,1.0,No Info,5170
Vistara,2019-05-24,Kolkata,Banglore,17:00:00,18:50:00,1550,1.0,No Info,9870
Spicejet,2019-05-18,Kolkata,Banglore,11:35:00,18:50:00,435,1.0,No Info,8479
Goair,2019-04-21,Delhi,Cochin,10:35:00,19:35:00,540,1.0,No Info,7031
Air India,2019-03-09,Banglore,New Delhi,10:30:00,21:25:00,655,2.0,No Info,9586
Goair,2019-03-06,Delhi,Cochin,06:00:00,13:20:00,440,1.0,No Info,6393
Jet Airways,2019-04-09,Banglore,Delhi,15:50:00,18:45:00,175,0.0,No Info,7229
Jet Airways,2019-06-12,Kolkata,Banglore,18:55:00,22:35:00,1660,1.0,In-flight meal not included,8529
Indigo,2019-04-18,Kolkata,Banglore,20:20:00,22:55:00,155,0.0,No Info,4174
Indigo,2019-04-01,Mumbai,Hyderabad,20:05:00,21:40:00,95,0.0,No Info,2227
Air India,2019-03-01,Banglore,New Delhi,10:30:00,17:45:00,435,2.0,Change airports,17461
Jet Airways,2019-05-06,Kolkata,Banglore,16:30:00,20:45:00,1695,1.0,In-flight meal not included,9663
Jet Airways,2019-06-06,Delhi,Cochin,21:50:00,04:25:00,395,1.0,No Info,14714
Indigo,2019-04-21,Kolkata,Banglore,22:15:00,00:50:00,155,0.0,No Info,4804
Goair,2019-06-18,Banglore,Delhi,07:45:00,10:40:00,175,0.0,No Info,3419
Jet Airways,2019-04-15,Banglore,Delhi,19:50:00,22:50:00,180,0.0,No Info,7229
Indigo,2019-05-21,Mumbai,Hyderabad,19:05:00,20:35:00,90,0.0,No Info,2754
Indigo,2019-05-01,Mumbai,Hyderabad,09:10:00,10:40:00,90,0.0,No Info,4575
Jet Airways,2019-05-18,Kolkata,Banglore,18:55:00,09:20:00,865,1.0,No Info,14388
Spicejet,2019-05-06,Chennai,Kolkata,09:45:00,12:00:00,135,0.0,No check-in baggage included,3543
Air India,2019-05-18,Kolkata,Banglore,14:35:00,14:35:00,1440,1.0,No Info,6528
Indigo,2019-03-06,Delhi,Cochin,07:35:00,12:00:00,265,1.0,No Info,7725
Jet Airways,2019-06-27,Delhi,Cochin,02:15:00,12:35:00,620,1.0,In-flight meal not included,10262
Spicejet,2019-06-24,Mumbai,Hyderabad,13:15:00,14:45:00,90,0.0,No Info,2017
Jet Airways,2019-04-01,Kolkata,Banglore,20:25:00,15:05:00,1120,1.0,No Info,11467
Air India,2019-03-09,Banglore,New Delhi,22:00:00,13:20:00,920,1.0,No Info,8425
Multiple Carriers,2019-05-15,Delhi,Cochin,08:45:00,19:15:00,630,1.0,No Info,8266
Jet Airways,2019-05-18,Delhi,Cochin,21:50:00,12:35:00,885,1.0,In-flight meal not included,12373
Jet Airways,2019-06-01,Delhi,Cochin,19:15:00,12:35:00,1040,1.0,In-flight meal not included,10262
Multiple Carriers,2019-03-27,Delhi,Cochin,08:00:00,18:50:00,650,1.0,No Info,11667
Jet Airways,2019-03-06,Banglore,New Delhi,08:55:00,21:20:00,745,1.0,No Info,16736
Goair,2019-05-18,Banglore,Delhi,11:40:00,14:30:00,170,0.0,No Info,4340
Goair,2019-05-24,Banglore,Delhi,11:40:00,14:30:00,170,0.0,No Info,3398
Jet Airways,2019-03-06,Banglore,New Delhi,07:00:00,23:00:00,960,1.0,No Info,16736
Air India,2019-05-24,Kolkata,Banglore,09:25:00,10:30:00,1505,2.0,No Info,12797
Indigo,2019-04-15,Banglore,Delhi,20:00:00,22:50:00,170,0.0,No Info,4823
Jet Airways,2019-06-12,Banglore,Delhi,17:45:00,20:45:00,180,0.0,No Info,8016
Vistara,2019-06-12,Kolkata,Banglore,20:20:00,23:25:00,1625,1.0,No Info,8610
Jet Airways,2019-06-12,Mumbai,Hyderabad,10:20:00,11:50:00,90,0.0,In-flight meal not included,4995
Jet Airways,2019-05-18,Delhi,Cochin,19:30:00,04:25:00,535,2.0,In-flight meal not included,13029
Jet Airways,2019-03-12,Banglore,New Delhi,22:55:00,11:25:00,750,1.0,In-flight meal not included,11087
Jet Airways,2019-06-09,Delhi,Cochin,20:55:00,19:00:00,1325,1.0,In-flight meal not included,10577
Indigo,2019-04-18,Banglore,Delhi,16:55:00,19:55:00,180,0.0,No Info,4990
Jet Airways,2019-06-09,Delhi,Cochin,05:30:00,12:35:00,425,2.0,No Info,14441
Air India,2019-06-15,Delhi,Cochin,05:15:00,19:15:00,2280,3.0,No Info,10703
Jet Airways,2019-06-06,Kolkata,Banglore,09:35:00,19:10:00,575,1.0,In-flight meal not included,13469
Jet Airways,2019-05-15,Kolkata,Banglore,06:30:00,20:45:00,855,1.0,No Info,14781
Indigo,2019-05-15,Delhi,Cochin,16:00:00,01:30:00,570,1.0,No Info,7923
Jet Airways,2019-06-03,Delhi,Cochin,09:35:00,12:35:00,1620,2.0,In-flight meal not included,11507
Indigo,2019-06-01,Banglore,Delhi,10:10:00,13:00:00,170,0.0,No Info,3943
Jet Airways,2019-03-24,Kolkata,Banglore,08:25:00,04:45:00,1220,1.0,In-flight meal not included,10031
Jet Airways,2019-05-21,Mumbai,Hyderabad,07:05:00,08:30:00,85,0.0,In-flight meal not included,4995
Jet Airways,2019-05-01,Kolkata,Banglore,17:00:00,14:25:00,1285,1.0,In-flight meal not included,9314
Jet Airways,2019-06-06,Banglore,Delhi,07:10:00,10:10:00,180,0.0,No Info,8016
Jet Airways,2019-06-12,Delhi,Cochin,14:00:00,12:35:00,1355,1.0,In-flight meal not included,10262
Multiple Carriers,2019-05-27,Delhi,Cochin,10:20:00,01:30:00,910,1.0,No Info,6795
Jet Airways,2019-06-09,Kolkata,Banglore,17:00:00,18:00:00,1500,1.0,No Info,14151
Jet Airways,2019-03-15,Banglore,New Delhi,21:25:00,05:05:00,460,1.0,No Info,27210
Jet Airways,2019-06-18,Mumbai,Hyderabad,02:55:00,04:20:00,85,0.0,No Info,5678
Air India,2019-06-03,Delhi,Cochin,03:50:00,19:15:00,925,1.0,No Info,8669
Jet Airways,2019-06-27,Delhi,Cochin,19:15:00,12:35:00,1040,1.0,In-flight meal not included,10262
Air Asia,2019-03-27,Delhi,Cochin,07:55:00,13:10:00,315,1.0,No Info,6151
Air Asia,2019-06-06,Delhi,Cochin,07:55:00,13:25:00,330,1.0,No Info,8759
Indigo,2019-06-09,Chennai,Kolkata,05:15:00,07:40:00,145,0.0,No Info,3540
Spicejet,2019-03-06,Kolkata,Banglore,22:20:00,00:40:00,140,0.0,No Info,3849
Indigo,2019-05-12,Banglore,Delhi,16:55:00,19:55:00,180,0.0,No Info,4823
Jet Airways,2019-03-18,Banglore,New Delhi,08:00:00,15:15:00,435,1.0,No Info,12284
Multiple Carriers,2019-03-27,Delhi,Cochin,07:05:00,13:20:00,375,1.0,No Info,12537
Indigo,2019-04-24,Kolkata,Banglore,15:15:00,17:45:00,150,0.0,No Info,4804
Air India,2019-06-12,Delhi,Cochin,13:00:00,19:15:00,375,1.0,No Info,8372
Multiple Carriers,2019-06-24,Delhi,Cochin,07:10:00,16:10:00,540,1.0,No Info,6723
Indigo,2019-05-15,Banglore,Delhi,04:00:00,06:50:00,170,0.0,No Info,3943
Air India,2019-05-09,Kolkata,Banglore,14:30:00,08:55:00,1105,2.0,No Info,14214
Indigo,2019-03-21,Mumbai,Hyderabad,19:05:00,20:30:00,85,0.0,No Info,2754
Jet Airways,2019-05-12,Kolkata,Banglore,20:25:00,23:35:00,1630,1.0,In-flight meal not included,8066
Air India,2019-04-01,Kolkata,Banglore,17:30:00,08:55:00,925,1.0,No Info,7893
Indigo,2019-06-09,Delhi,Cochin,11:25:00,21:00:00,575,1.0,No Info,6416
Jet Airways,2019-03-01,Banglore,New Delhi,05:45:00,18:25:00,760,1.0,No Info,26890
Air India,2019-03-24,Kolkata,Banglore,20:30:00,16:15:00,1185,1.0,No Info,12173
Indigo,2019-06-15,Delhi,Cochin,07:15:00,12:30:00,315,1.0,No Info,6582
Jet Airways,2019-03-21,Delhi,Cochin,18:25:00,04:25:00,2040,2.0,No Info,12347
Jet Airways,2019-06-03,Delhi,Cochin,11:30:00,19:00:00,450,1.0,In-flight meal not included,10262
Jet Airways,2019-06-27,Delhi,Cochin,21:50:00,19:00:00,1270,1.0,In-flight meal not included,10262
Jet Airways,2019-03-12,Banglore,New Delhi,18:55:00,08:15:00,800,1.0,No Info,13817
Air India,2019-04-12,Banglore,Delhi,21:05:00,23:55:00,170,0.0,No Info,5911
Jet Airways,2019-03-03,Delhi,Cochin,18:20:00,04:25:00,2045,2.0,No Info,20747
Indigo,2019-05-15,Delhi,Cochin,06:50:00,16:10:00,560,1.0,No Info,6442
Jet Airways,2019-05-21,Kolkata,Banglore,17:00:00,18:00:00,1500,1.0,No Info,14151
Indigo,2019-05-21,Delhi,Cochin,10:35:00,01:30:00,895,1.0,No Info,6794
Air India,2019-05-15,Kolkata,Banglore,09:25:00,18:30:00,545,1.0,No Info,8891
Air India,2019-03-06,Delhi,Cochin,06:50:00,07:40:00,1490,2.0,No Info,20416
Jet Airways,2019-03-01,Banglore,New Delhi,05:45:00,19:10:00,805,1.0,No Info,27992
Indigo,2019-03-21,Delhi,Cochin,15:00:00,01:35:00,635,1.0,No Info,7006
Indigo,2019-03-21,Kolkata,Banglore,15:10:00,17:45:00,155,0.0,No Info,4148
Spicejet,2019-06-01,Chennai,Kolkata,09:45:00,12:00:00,135,0.0,No check-in baggage included,3543
Air India,2019-06-24,Mumbai,Hyderabad,21:05:00,22:25:00,80,0.0,No Info,3100
Air India,2019-03-27,Delhi,Cochin,05:10:00,08:00:00,170,0.0,No Info,4729
Indigo,2019-03-27,Delhi,Cochin,07:30:00,13:20:00,350,1.0,No Info,8227
Air India,2019-03-15,Banglore,New Delhi,08:15:00,22:55:00,880,2.0,No Info,7904
Jet Airways,2019-04-01,Kolkata,Banglore,16:30:00,22:35:00,365,1.0,In-flight meal not included,7064
Jet Airways,2019-05-18,Delhi,Cochin,02:15:00,19:00:00,1005,1.0,In-flight meal not included,12373
Indigo,2019-03-27,Delhi,Cochin,02:35:00,08:30:00,355,1.0,No Info,7731
Jet Airways,2019-03-12,Banglore,New Delhi,20:35:00,15:15:00,1120,1.0,In-flight meal not included,11087
Spicejet,2019-03-18,Chennai,Kolkata,17:45:00,20:05:00,140,0.0,No Info,3384
Indigo,2019-06-18,Banglore,Delhi,04:00:00,06:50:00,170,0.0,No Info,3943
Indigo,2019-06-01,Delhi,Cochin,10:35:00,01:30:00,895,1.0,No Info,6206
Indigo,2019-06-27,Kolkata,Banglore,22:15:00,00:50:00,155,0.0,No Info,4804
Multiple Carriers,2019-06-15,Delhi,Cochin,15:05:00,01:30:00,625,2.0,No Info,15965
Multiple Carriers,2019-06-24,Delhi,Cochin,13:00:00,01:30:00,750,1.0,No Info,7198
Air India,2019-05-03,Mumbai,Hyderabad,21:05:00,22:25:00,80,0.0,No Info,3100
Air India,2019-03-24,Kolkata,Banglore,16:50:00,18:30:00,1540,1.0,No Info,14641
Jet Airways,2019-06-01,Delhi,Cochin,21:50:00,04:25:00,395,1.0,No Info,14714
Jet Airways,2019-04-21,Banglore,Delhi,08:20:00,11:20:00,180,0.0,No Info,7229
Air India,2019-05-27,Delhi,Cochin,12:00:00,19:15:00,435,2.0,No Info,9653
Air India,2019-05-06,Kolkata,Banglore,14:15:00,16:45:00,150,0.0,No Info,5510
Jet Airways,2019-05-18,Kolkata,Banglore,17:00:00,19:10:00,1570,1.0,No Info,14151
Indigo,2019-06-27,Delhi,Cochin,10:35:00,21:00:00,625,1.0,No Info,5894
Air India,2019-06-09,Kolkata,Banglore,12:00:00,11:10:00,1390,2.0,No Info,10151
Jet Airways,2019-05-21,Kolkata,Banglore,14:05:00,08:15:00,1090,1.0,In-flight meal not included,9663
Indigo,2019-06-09,Mumbai,Hyderabad,12:00:00,13:30:00,90,0.0,No Info,2754
Jet Airways,2019-06-09,Delhi,Cochin,09:40:00,12:35:00,1615,2.0,No Info,13014
Indigo,2019-05-24,Kolkata,Banglore,15:30:00,18:05:00,155,0.0,No Info,4804
Multiple Carriers,2019-06-01,Delhi,Cochin,12:50:00,19:15:00,385,1.0,No Info,9526
Jet Airways,2019-06-06,Delhi,Cochin,05:30:00,19:00:00,810,2.0,No Info,13292
Multiple Carriers,2019-05-27,Delhi,Cochin,11:40:00,01:30:00,830,1.0,No Info,6795
Indigo,2019-05-15,Kolkata,Banglore,14:25:00,16:55:00,150,0.0,No Info,5224
Jet Airways,2019-06-12,Kolkata,Banglore,06:30:00,19:50:00,800,1.0,No Info,13626
Air India,2019-05-18,Delhi,Cochin,03:50:00,19:15:00,925,1.0,No Info,8879
Multiple Carriers,2019-06-15,Delhi,Cochin,09:00:00,21:00:00,720,1.0,No Info,13587
Air India,2019-05-21,Mumbai,Hyderabad,19:30:00,20:45:00,75,0.0,No Info,3100
Indigo,2019-04-01,Banglore,Delhi,10:10:00,13:00:00,170,0.0,No Info,3943
Indigo,2019-06-27,Banglore,Delhi,18:25:00,21:20:00,175,0.0,No Info,4823
Spicejet,2019-03-21,Kolkata,Banglore,22:20:00,00:40:00,140,0.0,No Info,3847
Indigo,2019-06-24,Chennai,Kolkata,11:35:00,14:00:00,145,0.0,No Info,3858
Jet Airways,2019-03-27,Delhi,Cochin,17:30:00,04:25:00,655,1.0,No Info,12242
Air India,2019-03-24,Kolkata,Banglore,16:45:00,21:05:00,1700,1.0,No Info,6535
Air India,2019-04-06,Banglore,Delhi,13:20:00,16:10:00,170,0.0,No Info,5176
Jet Airways,2019-03-21,Banglore,New Delhi,05:45:00,15:15:00,570,1.0,In-flight meal not included,7832
Vistara,2019-03-12,Mumbai,Hyderabad,08:45:00,22:55:00,850,1.0,No Info,12080
Goair,2019-06-06,Delhi,Cochin,14:25:00,19:35:00,310,1.0,No Info,7870
Multiple Carriers,2019-06-12,Delhi,Cochin,15:15:00,01:30:00,615,1.0,No Info,6795
Jet Airways,2019-05-21,Delhi,Cochin,05:30:00,12:35:00,425,2.0,No Info,16274
Air India,2019-04-24,Delhi,Cochin,18:05:00,21:10:00,185,0.0,No Info,5201
Jet Airways,2019-03-01,Banglore,New Delhi,14:05:00,11:25:00,1280,1.0,No Info,20800
Indigo,2019-06-03,Delhi,Cochin,05:10:00,10:05:00,295,1.0,No Info,6842
Jet Airways,2019-03-01,Banglore,New Delhi,07:00:00,15:15:00,495,1.0,No Info,26890
Multiple Carriers,2019-06-06,Delhi,Cochin,13:00:00,21:00:00,480,1.0,No Info,13587
Multiple Carriers,2019-06-01,Delhi,Cochin,11:30:00,21:00:00,570,1.0,No Info,13587
Indigo,2019-05-01,Kolkata,Banglore,08:10:00,13:00:00,290,1.0,No Info,5069
Air India,2019-05-15,Delhi,Cochin,03:50:00,19:15:00,925,1.0,No Info,8669
Indigo,2019-05-15,Delhi,Cochin,17:05:00,22:15:00,310,1.0,No Info,6027
Multiple Carriers,2019-06-27,Delhi,Cochin,06:00:00,21:00:00,900,1.0,In-flight meal not included,6007
Air India,2019-06-27,Banglore,Delhi,10:00:00,12:45:00,165,0.0,No Info,6961
Goair,2019-04-24,Banglore,Delhi,11:40:00,14:30:00,170,0.0,No Info,3898
Indigo,2019-04-24,Delhi,Cochin,02:00:00,07:25:00,325,1.0,No Info,5636
Spicejet,2019-05-15,Kolkata,Banglore,22:20:00,00:40:00,140,0.0,No check-in baggage included,3841
Multiple Carriers,2019-03-06,Delhi,Cochin,17:30:00,01:35:00,485,1.0,No Info,17057
Jet Airways,2019-05-12,Mumbai,Hyderabad,19:35:00,21:05:00,90,0.0,No Info,5678
Indigo,2019-04-06,Kolkata,Banglore,20:20:00,22:55:00,155,0.0,No Info,4174
Air India,2019-03-09,Delhi,Cochin,09:45:00,09:25:00,1420,2.0,No Info,10660
Indigo,2019-03-24,Kolkata,Banglore,15:10:00,20:15:00,305,1.0,No Info,6762
Indigo,2019-05-18,Kolkata,Banglore,09:35:00,12:20:00,165,0.0,No Info,4804
Jet Airways,2019-06-12,Delhi,Cochin,12:15:00,12:35:00,1460,2.0,No Info,14300
Vistara,2019-05-15,Banglore,Delhi,17:00:00,19:35:00,155,0.0,No Info,4878
Jet Airways,2019-06-03,Delhi,Cochin,15:00:00,19:00:00,1680,1.0,In-flight meal not included,10262
Vistara,2019-06-24,Delhi,Cochin,06:00:00,09:10:00,190,0.0,No Info,6216
Goair,2019-06-27,Kolkata,Banglore,15:20:00,17:55:00,155,0.0,No Info,3514
Spicejet,2019-06-15,Mumbai,Hyderabad,22:45:00,00:15:00,90,0.0,No Info,2017
Jet Airways,2019-05-06,Delhi,Cochin,09:40:00,12:35:00,1615,2.0,No Info,15129
Air India,2019-03-03,Banglore,New Delhi,06:45:00,10:35:00,1670,2.0,No Info,12358
Indigo,2019-04-18,Kolkata,Banglore,17:15:00,19:50:00,155,0.0,No Info,4174
Goair,2019-06-09,Banglore,Delhi,20:55:00,23:40:00,165,0.0,No Info,3898
Air India,2019-05-15,Delhi,Cochin,20:40:00,09:25:00,765,1.0,No Info,7480
Air India,2019-06-12,Delhi,Cochin,20:30:00,23:00:00,1590,1.0,No Info,8907
Indigo,2019-06-12,Kolkata,Banglore,20:20:00,22:55:00,155,0.0,No Info,4804
Indigo,2019-05-06,Mumbai,Hyderabad,19:05:00,20:35:00,90,0.0,No Info,2754
Indigo,2019-03-21,Delhi,Cochin,11:30:00,01:35:00,845,1.0,No Info,7318
Air India,2019-05-18,Kolkata,Banglore,09:25:00,17:20:00,1915,2.0,No Info,13616
Jet Airways,2019-06-01,Delhi,Cochin,17:30:00,19:00:00,1530,1.0,In-flight meal not included,10262
Indigo,2019-03-27,Delhi,Cochin,20:30:00,01:35:00,305,1.0,No Info,5073
Indigo,2019-06-27,Banglore,Delhi,22:10:00,01:00:00,170,0.0,No Info,3419
Jet Airways,2019-06-21,Mumbai,Hyderabad,10:20:00,11:50:00,90,0.0,No Info,8040
Jet Airways,2019-05-27,Banglore,Delhi,18:55:00,22:00:00,185,0.0,No Info,7229
Jet Airways,2019-05-06,Kolkata,Banglore,18:55:00,16:20:00,1285,1.0,In-flight meal not included,7757
Spicejet,2019-03-21,Kolkata,Banglore,09:00:00,11:30:00,150,0.0,No check-in baggage included,3815
Air India,2019-06-12,Delhi,Cochin,09:45:00,08:15:00,1350,1.0,No Info,8991
Air India,2019-05-24,Kolkata,Banglore,09:10:00,11:05:00,1555,2.0,No Info,6117
Jet Airways,2019-03-27,Delhi,Cochin,08:00:00,18:50:00,650,1.0,In-flight meal not included,6068
Indigo,2019-03-21,Mumbai,Hyderabad,21:20:00,22:45:00,85,0.0,No Info,2227
Jet Airways,2019-06-15,Delhi,Cochin,11:30:00,19:00:00,450,1.0,No Info,14714
Jet Airways,2019-05-06,Kolkata,Banglore,16:30:00,22:35:00,365,1.0,No Info,14781
Jet Airways,2019-03-24,Mumbai,Hyderabad,02:55:00,04:25:00,90,0.0,No Info,5678
Indigo,2019-03-15,Kolkata,Banglore,15:20:00,17:55:00,155,0.0,No Info,4148
Multiple Carriers,2019-03-06,Delhi,Cochin,06:40:00,18:50:00,730,1.0,No Info,15135
Indigo,2019-04-03,Banglore,Delhi,01:30:00,04:15:00,165,0.0,No Info,3419
Air India,2019-06-06,Kolkata,Banglore,08:20:00,07:55:00,1415,2.0,No Info,10697
Air India,2019-05-27,Chennai,Kolkata,11:40:00,13:55:00,135,0.0,No Info,4667
Multiple Carriers,2019-05-21,Delhi,Cochin,11:40:00,21:00:00,560,1.0,No Info,7485
Jet Airways,2019-03-06,Banglore,New Delhi,05:45:00,11:25:00,340,1.0,No Info,19225
Vistara,2019-06-06,Banglore,Delhi,11:30:00,14:20:00,170,0.0,No Info,4668
Jet Airways,2019-03-06,Banglore,New Delhi,14:05:00,09:00:00,1135,1.0,No Info,17261
Jet Airways,2019-05-01,Kolkata,Banglore,20:25:00,22:05:00,1540,1.0,No Info,14151
Multiple Carriers,2019-05-15,Delhi,Cochin,18:00:00,01:30:00,450,1.0,No Info,8073
Multiple Carriers,2019-06-12,Delhi,Cochin,07:00:00,21:00:00,840,1.0,No Info,7408
Jet Airways,2019-05-09,Delhi,Cochin,21:25:00,12:35:00,910,2.0,In-flight meal not included,11507
Multiple Carriers,2019-05-27,Delhi,Cochin,08:00:00,19:00:00,660,1.0,No Info,10407
Indigo,2019-03-27,Delhi,Cochin,04:55:00,16:10:00,675,1.0,No Info,6171
Air India,2019-05-18,Kolkata,Banglore,12:00:00,13:15:00,1515,1.0,No Info,7662
Jet Airways,2019-06-24,Delhi,Cochin,11:30:00,12:35:00,1505,1.0,In-flight meal not included,10262
Air India,2019-06-06,Kolkata,Banglore,14:35:00,14:35:00,1440,1.0,No Info,6528
Multiple Carriers,2019-05-27,Delhi,Cochin,13:00:00,01:30:00,750,1.0,No Info,13377
Jet Airways,2019-05-21,Kolkata,Banglore,09:35:00,22:05:00,750,1.0,No Info,13067
Jet Airways,2019-05-09,Kolkata,Banglore,06:30:00,04:40:00,1330,1.0,No Info,13941
Indigo,2019-04-15,Delhi,Cochin,05:05:00,16:10:00,665,1.0,No Info,6171
Jet Airways,2019-05-12,Kolkata,Banglore,20:00:00,10:05:00,845,1.0,No Info,13941
Air India,2019-05-15,Kolkata,Banglore,10:00:00,13:45:00,1665,2.0,No Info,16057
Air India,2019-05-09,Kolkata,Banglore,10:00:00,05:25:00,1165,2.0,No Info,14424
Jet Airways,2019-05-12,Kolkata,Banglore,08:25:00,04:40:00,1215,1.0,No Info,13941
Jet Airways,2019-06-06,Delhi,Cochin,21:50:00,04:25:00,395,1.0,In-flight meal not included,10262
Air India,2019-05-18,Delhi,Cochin,19:45:00,19:15:00,1410,2.0,No Info,10651
Indigo,2019-06-09,Chennai,Kolkata,14:45:00,17:05:00,140,0.0,No Info,3597
Multiple Carriers,2019-03-06,Delhi,Cochin,07:00:00,21:00:00,840,1.0,No Info,15603
Indigo,2019-05-18,Chennai,Kolkata,11:35:00,14:00:00,145,0.0,No Info,4332
Indigo,2019-04-03,Delhi,Cochin,05:35:00,08:50:00,195,0.0,No Info,4729
Indigo,2019-04-06,Banglore,Delhi,04:00:00,06:50:00,170,0.0,No Info,4423
Vistara,2019-05-15,Kolkata,Banglore,07:10:00,10:45:00,1655,1.0,No Info,8452
Jet Airways,2019-05-15,Kolkata,Banglore,16:30:00,23:35:00,425,1.0,In-flight meal not included,8586
Indigo,2019-06-24,Delhi,Cochin,09:15:00,01:30:00,975,1.0,No Info,6628
Jet Airways,2019-05-12,Kolkata,Banglore,21:10:00,04:40:00,450,1.0,No Info,13941
Jet Airways,2019-03-27,Delhi,Cochin,19:15:00,04:25:00,550,1.0,In-flight meal not included,6540
Spicejet,2019-06-21,Mumbai,Hyderabad,05:45:00,07:15:00,90,0.0,No Info,2753
Jet Airways,2019-06-06,Delhi,Cochin,14:00:00,04:25:00,865,1.0,In-flight meal not included,10262
Air India,2019-03-27,Mumbai,Hyderabad,13:55:00,15:25:00,90,0.0,No Info,2050
Jet Airways,2019-06-12,Kolkata,Banglore,20:00:00,16:20:00,1220,1.0,In-flight meal not included,8529
Jet Airways,2019-06-06,Mumbai,Hyderabad,07:05:00,08:30:00,85,0.0,In-flight meal not included,4995
Jet Airways,2019-03-27,Mumbai,Hyderabad,15:50:00,17:20:00,90,0.0,In-flight meal not included,2071
Air India,2019-05-01,Kolkata,Banglore,10:00:00,13:45:00,1665,2.0,No Info,15164
Spicejet,2019-05-18,Mumbai,Hyderabad,22:45:00,00:15:00,90,0.0,No check-in baggage included,1965
Multiple Carriers,2019-05-21,Delhi,Cochin,17:15:00,00:55:00,460,1.0,No Info,7858
Air India,2019-05-12,Kolkata,Banglore,07:00:00,01:20:00,1100,2.0,No Info,13243
Jet Airways,2019-06-24,Mumbai,Hyderabad,07:05:00,08:30:00,85,0.0,In-flight meal not included,4995
Jet Airways,2019-03-27,Delhi,Cochin,19:15:00,04:25:00,550,1.0,No Info,12242
Jet Airways,2019-03-09,Delhi,Cochin,16:00:00,04:25:00,745,1.0,No Info,16289
Jet Airways,2019-03-06,Banglore,New Delhi,05:45:00,23:00:00,1035,1.0,No Info,16736
Spicejet,2019-05-21,Banglore,Delhi,05:55:00,08:35:00,160,0.0,No Info,3311
Jet Airways,2019-03-27,Delhi,Cochin,15:05:00,04:25:00,800,1.0,No Info,12242
Indigo,2019-05-15,Delhi,Cochin,21:05:00,00:20:00,195,0.0,No Info,6834
Multiple Carriers,2019-06-15,Delhi,Cochin,07:05:00,16:10:00,545,1.0,No Info,9646
Jet Airways,2019-03-09,Delhi,Cochin,21:50:00,04:25:00,395,1.0,No Info,15029
Vistara,2019-03-06,Mumbai,Hyderabad,10:25:00,22:55:00,750,1.0,No Info,12395
Indigo,2019-05-15,Kolkata,Banglore,22:15:00,00:50:00,155,0.0,No Info,4804
Indigo,2019-05-01,Chennai,Kolkata,07:55:00,10:15:00,140,0.0,No Info,3850
Spicejet,2019-06-09,Banglore,Delhi,21:10:00,00:05:00,175,0.0,No check-in baggage included,3919
Vistara,2019-03-06,Delhi,Cochin,14:55:00,17:50:00,175,0.0,No Info,8001
Goair,2019-04-15,Banglore,Delhi,20:55:00,23:40:00,165,0.0,No Info,3898
Vistara,2019-05-24,Kolkata,Banglore,20:20:00,18:50:00,1350,1.0,No Info,9345
Air India,2019-03-24,Mumbai,Hyderabad,21:05:00,22:25:00,80,0.0,No Info,2575
Indigo,2019-05-21,Delhi,Cochin,14:25:00,17:40:00,195,0.0,No Info,5601
Spicejet,2019-06-12,Mumbai,Hyderabad,13:15:00,14:45:00,90,0.0,No Info,2017
Jet Airways,2019-05-27,Mumbai,Hyderabad,02:55:00,04:20:00,85,0.0,In-flight meal not included,4050
Indigo,2019-06-21,Banglore,Delhi,19:30:00,22:15:00,165,0.0,No Info,5780
Spicejet,2019-04-06,Banglore,Delhi,09:30:00,12:20:00,170,0.0,No Info,4423
Air India,2019-03-18,Delhi,Cochin,18:05:00,21:10:00,185,0.0,No Info,4729
Multiple Carriers,2019-05-09,Delhi,Cochin,09:00:00,21:00:00,720,1.0,No Info,13727
Jet Airways,2019-06-18,Banglore,Delhi,07:10:00,10:10:00,180,0.0,No Info,8016
Air India,2019-05-15,Kolkata,Banglore,10:00:00,05:25:00,1165,2.0,No Info,14424
Air India,2019-05-18,Kolkata,Banglore,16:45:00,12:30:00,1185,2.0,No Info,15170
Multiple Carriers,2019-06-06,Delhi,Cochin,09:15:00,19:00:00,585,1.0,No Info,11622
Jet Airways,2019-06-27,Delhi,Cochin,06:45:00,12:35:00,1790,2.0,No Info,13376
Jet Airways,2019-03-15,Banglore,New Delhi,05:45:00,10:45:00,300,1.0,In-flight meal not included,9134
Air India,2019-04-09,Banglore,Delhi,17:00:00,19:50:00,170,0.0,No Info,5911
Jet Airways,2019-06-12,Delhi,Cochin,05:30:00,04:25:00,1375,2.0,No Info,13014
Spicejet,2019-06-03,Chennai,Kolkata,08:20:00,10:35:00,135,0.0,No check-in baggage included,3543
Jet Airways,2019-05-06,Kolkata,Banglore,17:00:00,10:55:00,1075,1.0,No Info,13067
Air Asia,2019-03-27,Delhi,Cochin,16:45:00,22:15:00,330,1.0,No Info,6151
Indigo,2019-04-12,Kolkata,Banglore,14:25:00,16:55:00,150,0.0,No Info,5224
Indigo,2019-05-15,Delhi,Cochin,02:00:00,07:45:00,345,1.0,No Info,6037
Air India,2019-06-15,Delhi,Cochin,05:00:00,07:40:00,1600,2.0,No Info,10231
Multiple Carriers,2019-03-09,Delhi,Cochin,00:20:00,12:55:00,755,1.0,In-flight meal not included,18260
Indigo,2019-05-27,Delhi,Cochin,18:35:00,01:30:00,415,1.0,No Info,6628
Jet Airways,2019-05-27,Banglore,Delhi,19:50:00,22:50:00,180,0.0,No Info,7229
Multiple Carriers,2019-05-21,Delhi,Cochin,10:00:00,19:15:00,555,1.0,No Info,14848
Vistara,2019-05-18,Banglore,Delhi,07:00:00,09:40:00,160,0.0,No Info,4878
Indigo,2019-06-27,Mumbai,Hyderabad,06:25:00,07:55:00,90,0.0,No Info,4049
Spicejet,2019-05-01,Mumbai,Hyderabad,22:45:00,00:15:00,90,0.0,No check-in baggage included,1965
Air India,2019-05-12,Kolkata,Banglore,10:00:00,05:25:00,1165,2.0,No Info,14634
Jet Airways,2019-06-06,Delhi,Cochin,19:45:00,04:25:00,520,1.0,No Info,14714
Air India,2019-03-21,Banglore,New Delhi,10:30:00,22:55:00,745,1.0,No Info,6383
Jet Airways,2019-05-06,Kolkata,Banglore,17:00:00,18:00:00,1500,1.0,In-flight meal not included,9314
Spicejet,2019-04-24,Banglore,Delhi,09:30:00,12:20:00,170,0.0,No check-in baggage included,3919
Multiple Carriers,2019-06-12,Delhi,Cochin,08:50:00,19:00:00,610,1.0,No Info,10877
Spicejet,2019-03-21,Delhi,Cochin,08:45:00,13:15:00,270,1.0,No check-in baggage included,6356
Jet Airways,2019-05-21,Kolkata,Banglore,20:00:00,18:15:00,1335,1.0,In-flight meal not included,10844
Air India,2019-04-01,Mumbai,Hyderabad,06:20:00,07:40:00,80,0.0,No Info,3100
Indigo,2019-06-01,Delhi,Cochin,05:10:00,10:05:00,295,1.0,No Info,6842
Jet Airways,2019-03-06,Delhi,Cochin,09:00:00,18:50:00,590,1.0,No Info,17024
Goair,2019-05-18,Banglore,Delhi,07:45:00,10:40:00,175,0.0,No Info,4239
Spicejet,2019-05-18,Kolkata,Banglore,14:55:00,17:25:00,150,0.0,No Info,4174
Air India,2019-06-15,Banglore,Delhi,06:10:00,08:55:00,165,0.0,No Info,6961
Indigo,2019-04-03,Banglore,Delhi,21:15:00,00:15:00,180,0.0,No Info,3943
Multiple Carriers,2019-05-21,Delhi,Cochin,08:45:00,21:00:00,735,1.0,No Info,7485
Jet Airways,2019-06-12,Delhi,Cochin,11:30:00,04:25:00,1015,1.0,In-flight meal not included,10262
Air India,2019-06-06,Kolkata,Banglore,16:50:00,07:55:00,905,1.0,No Info,8366
Jet Airways,2019-06-06,Delhi,Cochin,15:00:00,04:25:00,805,1.0,In-flight meal not included,10262
Jet Airways,2019-03-09,Banglore,New Delhi,05:50:00,15:00:00,550,1.0,In-flight meal not included,10037
Multiple Carriers,2019-06-01,Delhi,Cochin,15:00:00,01:30:00,630,1.0,No Info,13377
Indigo,2019-05-15,Kolkata,Banglore,08:10:00,13:00:00,290,1.0,No Info,5069
Jet Airways,2019-06-03,Delhi,Cochin,11:40:00,19:00:00,440,2.0,No Info,18804
Air Asia,2019-06-12,Kolkata,Banglore,06:50:00,10:30:00,220,1.0,No Info,5162
Air India,2019-03-21,Chennai,Kolkata,11:40:00,13:55:00,135,0.0,No Info,3670
Air Asia,2019-04-12,Banglore,Delhi,23:55:00,02:45:00,170,0.0,No Info,7080
Indigo,2019-03-03,Delhi,Cochin,05:05:00,10:05:00,300,1.0,No Info,9581
Indigo,2019-06-27,Kolkata,Banglore,15:15:00,17:45:00,150,0.0,No Info,4804
Jet Airways,2019-05-18,Kolkata,Banglore,20:00:00,09:20:00,800,1.0,In-flight meal not included,10844
Vistara,2019-04-15,Banglore,Delhi,17:00:00,19:35:00,155,0.0,No Info,5613
Indigo,2019-05-12,Banglore,Delhi,22:10:00,01:00:00,170,0.0,No Info,4284
